,created_at,updated_at,title,address,city_code,location,neighborhood,categories,ranking.level,ranking.has_video,ranking.views,ranking.notifications,severity,_geoloc,updates,objectID,_highlightResult
0,1646430388000,1646430389000,Vehicle Collision,"N Wells St & W Schiller St, Chicago, Illinois, 60610",us-il-chicago,N Wells St & W Schiller St,"Old Town, Chicago",['Traffic Related'],0,False,0,0,yellow,"[{'lat': 41.90767005640438, 'lng': -87.63460995053622}]","[{'created_at': 1646430387999, 'text': 'Incident reported at N Wells St & W Schiller St.'}, {'created_at': 1646430388000, 'text': 'Police are responding to an unconfirmed report of a vehicle collision.'}]",-MxLtVJwbMUdeMdp6B54,"{'created_at': {'value': '1646430388000', 'matchLevel': 'none', 'matchedWords': []}, 'updated_at': {'value': '1646430389000', 'matchLevel': 'none', 'matchedWords': []}, 'title': {'value': 'Vehicle Collision', 'matchLevel': 'none', 'matchedWords': []}, 'address': {'value': 'N Wells St & W Schiller St, Chicago, Illinois, 60610', 'matchLevel': 'none', 'matchedWords': []}, 'city_code': {'value': 'us-il-chicago', 'matchLevel': 'none', 'matchedWords': []}, 'location': {'value': 'N Wells St & W Schiller St', 'matchLevel': 'none', 'matchedWords': []}, 'neighborhood': {'value': 'Old Town, Chicago', 'matchLevel': 'none', 'matchedWords': []}, 'categories': [{'value': 'Traffic Related', 'matchLevel': 'none', 'matchedWords': []}], 'ranking.level': {'value': '0', 'matchLevel': 'none', 'matchedWords': []}, 'ranking.views': {'value': '0', 'matchLevel': 'none', 'matchedWords': []}, 'ranking.notifications': {'value': '0', 'matchLevel': 'none', 'matchedWords': []}, 'severity': {'value': 'yellow', 'matchLevel': 'none', 'matchedWords': []}, '_geoloc': [{'lat': {'value': '41.90767005640438', 'matchLevel': 'none', 'matchedWords': []}, 'lng': {'value': '-87.63460995053622', 'matchLevel': 'none', 'matchedWords': []}}], 'updates': [{'created_at': {'value': '1646430387999', 'matchLevel': 'none', 'matchedWords': []}, 'text': {'value': 'Incident reported at N Wells St & W Schiller St.', 'matchLevel': 'none', 'matchedWords': []}}, {'created_at': {'value': '1646430388000', 'matchLevel': 'none', 'matchedWords': []}, 'text': {'value': 'Police are responding to an unconfirmed report of a vehicle collision.', 'matchLevel': 'none', 'matchedWords': []}}]}"
1,1646430075000,1646430100000,Man and Woman Fighting in Vehicle,"501 Throop St, Chicago, Illinois, 60607",us-il-chicago,501 Throop St,"Near West Side, Chicago",['Assault / Fight'],1,False,0,0,yellow,"[{'lat': 41.87525274711638, 'lng': -87.65965297941945}]","[{'created_at': 1646430074999, 'text': 'Incident reported at 501 Throop St.'}, {'created_at': 1646430075000, 'text': 'Police are responding to an unconfirmed report of a man and a woman fighting inside a vehicle. The vehicle was last seen heading westbound.'}]",-MxLsIvfMRvOsWxJ86zm,"{'created_at': {'value': '1646430075000', 'matchLevel': 'none', 'matchedWords': []}, 'updated_at': {'value': '1646430100000', 'matchLevel': 'none', 'matchedWords': []}, 'title': {'value': 'Man and Woman Fighting in Vehicle', 'matchLevel': 'none', 'matchedWords': []}, 'address': {'value': '501 Throop St, Chicago, Illinois, 60607', 'matchLevel': 'none', 'matchedWords': []}, 'city_code': {'value': 'us-il-chicago', 'matchLevel': 'none', 'matchedWords': []}, 'location': {'value': '501 Throop St', 'matchLevel': 'none', 'matchedWords': []}, 'neighborhood': {'value': 'Near West Side, Chicago', 'matchLevel': 'none', 'matchedWords': []}, 'categories': [{'value': 'Assault / Fight', 'matchLevel': 'none', 'matchedWords': []}], 'ranking.level': {'value': '1', 'matchLevel': 'none', 'matchedWords': []}, 'ranking.views': {'value': '0', 'matchLevel': 'none', 'matchedWords': []}, 'ranking.notifications': {'value': '0', 'matchLevel': 'none', 'matchedWords': []}, 'severity': {'value': 'yellow', 'matchLevel': 'none', 'matchedWords': []}, '_geoloc': [{'lat': {'value': '41.87525274711638', 'matchLevel': 'none', 'matchedWords': []}, 'lng': {'value': '-87.65965297941945', 'matchLevel': 'none', 'matchedWords': []}}], 'updates': [{'created_at': {'value': '1646430074999', 'matchLevel': 'none', 'matchedWords': []}, 'text': {'value': 'Incident reported at 501 Throop St.', 'matchLevel': 'none', 'matchedWords': []}}, {'created_at': {'value': '1646430075000', 'matchLevel': 'none', 'matchedWords': []}, 'text': {'value': 'Police are responding to an unconfirmed report of a man and a woman fighting inside a vehicle. The vehicle was last seen heading westbound.', 'matchLevel': 'none', 'matchedWords': []}}]}"
2,1646429973000,1646429990000,Report of Man Armed With Gun,"525 N Cicero Ave, Chicago, Illinois, 60644",us-il-chicago,525 N Cicero Ave,Chicago,['Gun Related'],1,False,0,0,yellow,"[{'lat': 41.89026700420783, 'lng': -87.74530999723137}]","[{'created_at': 1646429972999, 'text': 'Incident reported at 525 N Cicero Ave.'}, {'created_at': 1646429973000, 'text': 'Police are responding to an unconfirmed report of a man armed with a gun.'}]",-MxLrv7LnYylPmbsboBm,"{'created_at': {'value': '1646429973000', 'matchLevel': 'none', 'matchedWords': []}, 'updated_at': {'value': '1646429990000', 'matchLevel': 'none', 'matchedWords': []}, 'title': {'value': 'Report of Man Armed With Gun', 'matchLevel': 'none', 'matchedWords': []}, 'address': {'value': '525 N Cicero Ave, Chicago, Illinois, 60644', 'matchLevel': 'none', 'matchedWords': []}, 'city_code': {'value': 'us-il-chicago', 'matchLevel': 'none', 'matchedWords': []}, 'location': {'value': '525 N Cicero Ave', 'matchLevel': 'none', 'matchedWords': []}, 'neighborhood': {'value': 'Chicago', 'matchLevel': 'none', 'matchedWords': []}, 'categories': [{'value': 'Gun Related', 'matchLevel': 'none', 'matchedWords': []}], 'ranking.level': {'value': '1', 'matchLevel': 'none', 'matchedWords': []}, 'ranking.views': {'value': '0', 'matchLevel': 'none', 'matchedWords': []}, 'ranking.notifications': {'value': '0', 'matchLevel': 'none', 'matchedWords': []}, 'severity': {'value': 'yellow', 'matchLevel': 'none', 'matchedWords': []}, '_geoloc': [{'lat': {'value': '41.89026700420783', 'matchLevel': 'none', 'matchedWords': []}, 'lng': {'value': '-87.74530999723137', 'matchLevel': 'none', 'matchedWords': []}}], 'updates': [{'created_at': {'value': '1646429972999', 'matchLevel': 'none', 'matchedWords': []}, 'text': {'value': 'Incident reported at 525 N Cicero Ave.', 'matchLevel': 'none', 'matchedWords': []}}, {'created_at': {'value': '1646429973000', 'matchLevel': 'none', 'matchedWords': []}, 'text': {'value': 'Police are responding to an unconfirmed report of a man armed with a gun.', 'matchLevel': 'none', 'matchedWords': []}}]}"
3,1646429895000,1646430613000,Vehicle Collision With Injuries,"W Chicago Ave & N Leclaire Ave, Chicago, Illinois, 60651",us-il-chicago,W Chicago Ave & N Leclaire Ave,"Austin, Chicago",['Traffic Related'],1,False,0,0,yellow,"[{'lat': 41.89496003179576, 'lng': -87.75315990101228}]","[{'created_at': 1646429894999, 'text': 'Incident reported at W Chicago Ave & N Leclaire Ave.'}, {'created_at': 1646429895000, 'text': 'EMS is responding to a report of a vehicle collision with possible injuries.'}, {'created_at': 1646430612000, 'text': 'Police officers are responding to this incident.'}]",-MxLrc0xHq5el7Hbd1f7,"{'created_at': {'value': '1646429895000', 'matchLevel': 'none', 'matchedWords': []}, 'updated_at': {'value': '1646430613000', 'matchLevel': 'none', 'matchedWords': []}, 'title': {'value': 'Vehicle Collision With Injuries', 'matchLevel': 'none', 'matchedWords': []}, 'address': {'value': 'W Chicago Ave & N Leclaire Ave, Chicago, Illinois, 60651', 'matchLevel': 'none', 'matchedWords': []}, 'city_code': {'value': 'us-il-chicago', 'matchLevel': 'none', 'matchedWords': []}, 'location': {'value': 'W Chicago Ave & N Leclaire Ave', 'matchLevel': 'none', 'matchedWords': []}, 'neighborhood': {'value': 'Austin, Chicago', 'matchLevel': 'none', 'matchedWords': []}, 'categories': [{'value': 'Traffic Related', 'matchLevel': 'none', 'matchedWords': []}], 'ranking.level': {'value': '1', 'matchLevel': 'none', 'matchedWords': []}, 'ranking.views': {'value': '0', 'matchLevel': 'none', 'matchedWords': []}, 'ranking.notifications': {'value': '0', 'matchLevel': 'none', 'matchedWords': []}, 'severity': {'value': 'yellow', 'matchLevel': 'none', 'matchedWords': []}, '_geoloc': [{'lat': {'value': '41.89496003179576', 'matchLevel': 'none', 'matchedWords': []}, 'lng': {'value': '-87.75315990101228', 'matchLevel': 'none', 'matchedWords': []}}], 'updates': [{'created_at': {'value': '1646429894999', 'matchLevel': 'none', 'matchedWords': []}, 'text': {'value': 'Incident reported at W Chicago Ave & N Leclaire Ave.', 'matchLevel': 'none', 'matchedWords': []}}, {'created_at': {'value': '1646429895000', 'matchLevel': 'none', 'matchedWords': []}, 'text': {'value': 'EMS is responding to a report of a vehicle collision with possible injuries.', 'matchLevel': 'none', 'matchedWords': []}}, {'created_at': {'value': '1646430612000', 'matchLevel': 'none', 'matchedWords': []}, 'text': {'value': 'Police officers are responding to this incident.', 'matchLevel': 'none', 'matchedWords': []}}]}"
4,1646429693000,1646429694000,Report of Chase Bank Struck With Gunfire,"E Marquette Rd & S Stony Island Ave, Chicago, Illinois, 60637",us-il-chicago,E Marquette Rd & S Stony Island Ave,"Woodlawn, Chicago",['Harassment'],1,False,0,0,yellow,"[{'lat': 41.77518003702872, 'lng': -87.58625994789706}]","[{'created_at': 1646429692999, 'text': 'Incident reported at E Marquette Rd & S Stony Island Ave.'}, {'created_at': 1646429693000, 'text': 'Police have received an unconfirmed report of a gunshot that struck Chase bank through the window. No injuries were reported.'}]",-MxLqqWrsV_kycbIEM17,"{'created_at': {'value': '1646429693000', 'matchLevel': 'none', 'matchedWords': []}, 'updated_at': {'value': '1646429694000', 'matchLevel': 'none', 'matchedWords': []}, 'title': {'value': 'Report of Chase Bank Struck With Gunfire', 'matchLevel': 'none', 'matchedWords': []}, 'address': {'value': 'E Marquette Rd & S Stony Island Ave, Chicago, Illinois, 60637', 'matchLevel': 'none', 'matchedWords': []}, 'city_code': {'value': 'us-il-chicago', 'matchLevel': 'none', 'matchedWords': []}, 'location': {'value': 'E Marquette Rd & S Stony Island Ave', 'matchLevel': 'none', 'matchedWords': []}, 'neighborhood': {'value': 'Woodlawn, Chicago', 'matchLevel': 'none', 'matchedWords': []}, 'categories': [{'value': 'Harassment', 'matchLevel': 'none', 'matchedWords': []}], 'ranking.level': {'value': '1', 'matchLevel': 'none', 'matchedWords': []}, 'ranking.views': {'value': '0', 'matchLevel': 'none', 'matchedWords': []}, 'ranking.notifications': {'value': '0', 'matchLevel': 'none', 'matchedWords': []}, 'severity': {'value': 'yellow', 'matchLevel': 'none', 'matchedWords': []}, '_geoloc': [{'lat': {'value': '41.77518003702872', 'matchLevel': 'none', 'matchedWords': []}, 'lng': {'value': '-87.58625994789706', 'matchLevel': 'none', 'matchedWords': []}}], 'updates': [{'created_at': {'value': '1646429692999', 'matchLevel': 'none', 'matchedWords': []}, 'text': {'value': 'Incident reported at E Marquette Rd & S Stony Island Ave.', 'matchLevel': 'none', 'matchedWords': []}}, {'created_at': {'value': '1646429693000', 'matchLevel': 'none', 'matchedWords': []}, 'text': {'value': 'Police have received an unconfirmed report of a gunshot that struck Chase bank through the window. No injuries were reported.', 'matchLevel': 'none', 'matchedWords': []}}]}"
5,1646429685000,1646429707000,Report of Woman Brandished Gun From Vehicle,"1600 W North Ave, Chicago, Illinois, 60622",us-il-chicago,1600 W North Ave,Chicago,['Gun Related'],1,False,0,0,yellow,"[{'lat': 41.91086201086216, 'lng': -87.66791100039515}]","[{'created_at': 1646429684999, 'text': 'Incident reported at 1600 W North Ave.'}, {'created_at': 1646429685000, 'text': 'Police are responding to an unconfirmed report of a woman who brandished a gun at another woman from a vehicle. The suspect vehicle was last seen heading westbound.'}]",-MxLqpBHfI9Kj1Qw6pnF,"{'created_at': {'value': '1646429685000', 'matchLevel': 'none', 'matchedWords': []}, 'updated_at': {'value': '1646429707000', 'matchLevel': 'none', 'matchedWords': []}, 'title': {'value': 'Report of Woman Brandished Gun From Vehicle', 'matchLevel': 'none', 'matchedWords': []}, 'address': {'value': '1600 W North Ave, Chicago, Illinois, 60622', 'matchLevel': 'none', 'matchedWords': []}, 'city_code': {'value': 'us-il-chicago', 'matchLevel': 'none', 'matchedWords': []}, 'location': {'value': '1600 W North Ave', 'matchLevel': 'none', 'matchedWords': []}, 'neighborhood': {'value': 'Chicago', 'matchLevel': 'none', 'matchedWords': []}, 'categories': [{'value': 'Gun Related', 'matchLevel': 'none', 'matchedWords': []}], 'ranking.level': {'value': '1', 'matchLevel': 'none', 'matchedWords': []}, 'ranking.views': {'value': '0', 'matchLevel': 'none', 'matchedWords': []}, 'ranking.notifications': {'value': '0', 'matchLevel': 'none', 'matchedWords': []}, 'severity': {'value': 'yellow', 'matchLevel': 'none', 'matchedWords': []}, '_geoloc': [{'lat': {'value': '41.91086201086216', 'matchLevel': 'none', 'matchedWords': []}, 'lng': {'value': '-87.66791100039515', 'matchLevel': 'none', 'matchedWords': []}}], 'updates': [{'created_at': {'value': '1646429684999', 'matchLevel': 'none', 'matchedWords': []}, 'text': {'value': 'Incident reported at 1600 W North Ave.', 'matchLevel': 'none', 'matchedWords': []}}, {'created_at': {'value': '1646429685000', 'matchLevel': 'none', 'matchedWords': []}, 'text': {'value': 'Police are responding to an unconfirmed report of a woman who brandished a gun at another woman from a vehicle. The suspect vehicle was last seen heading westbound.', 'matchLevel': 'none', 'matchedWords': []}}]}"
6,1646429577000,1646429578000,People Fighting,"W 65th St & S Ashland Ave, Chicago, Illinois, 60636",us-il-chicago,W 65th St & S Ashland Ave,"West Englewood, Chicago",['Assault / Fight'],1,False,0,0,yellow,"[{'lat': 41.77582003724567, 'lng': -87.6641398983375}]","[{'created_at': 1646429576999, 'text': 'Incident reported at W 65th St & S Ashland Ave.'}, {'created_at': 1646429577000, 'text': 'Police have received an unconfirmed report of people fighting.'}]",-MxLqPHpzt6rAfkJu1OC,"{'created_at': {'value': '1646429577000', 'matchLevel': 'none', 'matchedWords': []}, 'updated_at': {'value': '1646429578000', 'matchLevel': 'none', 'matchedWords': []}, 'title': {'value': 'People Fighting', 'matchLevel': 'none', 'matchedWords': []}, 'address': {'value': 'W 65th St & S Ashland Ave, Chicago, Illinois, 60636', 'matchLevel': 'none', 'matchedWords': []}, 'city_code': {'value': 'us-il-chicago', 'matchLevel': 'none', 'matchedWords': []}, 'location': {'value': 'W 65th St & S Ashland Ave', 'matchLevel': 'none', 'matchedWords': []}, 'neighborhood': {'value': 'West Englewood, Chicago', 'matchLevel': 'none', 'matchedWords': []}, 'categories': [{'value': 'Assault / Fight', 'matchLevel': 'none', 'matchedWords': []}], 'ranking.level': {'value': '1', 'matchLevel': 'none', 'matchedWords': []}, 'ranking.views': {'value': '0', 'matchLevel': 'none', 'matchedWords': []}, 'ranking.notifications': {'value': '0', 'matchLevel': 'none', 'matchedWords': []}, 'severity': {'value': 'yellow', 'matchLevel': 'none', 'matchedWords': []}, '_geoloc': [{'lat': {'value': '41.77582003724567', 'matchLevel': 'none', 'matchedWords': []}, 'lng': {'value': '-87.6641398983375', 'matchLevel': 'none', 'matchedWords': []}}], 'updates': [{'created_at': {'value': '1646429576999', 'matchLevel': 'none', 'matchedWords': []}, 'text': {'value': 'Incident reported at W 65th St & S Ashland Ave.', 'matchLevel': 'none', 'matchedWords': []}}, {'created_at': {'value': '1646429577000', 'matchLevel': 'none', 'matchedWords': []}, 'text': {'value': 'Police have received an unconfirmed report of people fighting.', 'matchLevel': 'none', 'matchedWords': []}}]}"
7,1646429163000,1646429325000,Report of Man Armed With Gun,"1401 S State St, Chicago, Illinois, 60605",us-il-chicago,1401 S State St,Chicago,['Gun Related'],1,False,0,0,yellow,"[{'lat': 41.86378098645423, 'lng': -87.62695802730832}]","[{'created_at': 1646429162999, 'text': 'Incident reported at 1401 S State St.'}, {'created_at': 1646429163000, 'text': 'Police are responding to an unconfirmed report of a man armed with a gun. The suspect was last seen heading eastbound on South State Street.'}, {'created_at': 1646429185000, 'text': 'Police are on the scene.'}]",-MxLopIh5PWYwDS0nWRM,"{'created_at': {'value': '1646429163000', 'matchLevel': 'none', 'matchedWords': []}, 'updated_at': {'value': '1646429325000', 'matchLevel': 'none', 'matchedWords': []}, 'title': {'value': 'Report of Man Armed With Gun', 'matchLevel': 'none', 'matchedWords': []}, 'address': {'value': '1401 S State St, Chicago, Illinois, 60605', 'matchLevel': 'none', 'matchedWords': []}, 'city_code': {'value': 'us-il-chicago', 'matchLevel': 'none', 'matchedWords': []}, 'location': {'value': '1401 S State St', 'matchLevel': 'none', 'matchedWords': []}, 'neighborhood': {'value': 'Chicago', 'matchLevel': 'none', 'matchedWords': []}, 'categories': [{'value': 'Gun Related', 'matchLevel': 'none', 'matchedWords': []}], 'ranking.level': {'value': '1', 'matchLevel': 'none', 'matchedWords': []}, 'ranking.views': {'value': '0', 'matchLevel': 'none', 'matchedWords': []}, 'ranking.notifications': {'value': '0', 'matchLevel': 'none', 'matchedWords': []}, 'severity': {'value': 'yellow', 'matchLevel': 'none', 'matchedWords': []}, '_geoloc': [{'lat': {'value': '41.86378098645423', 'matchLevel': 'none', 'matchedWords': []}, 'lng': {'value': '-87.62695802730832', 'matchLevel': 'none', 'matchedWords': []}}], 'updates': [{'created_at': {'value': '1646429162999', 'matchLevel': 'none', 'matchedWords': []}, 'text': {'value': 'Incident reported at 1401 S State St.', 'matchLevel': 'none', 'matchedWords': []}}, {'created_at': {'value': '1646429163000', 'matchLevel': 'none', 'matchedWords': []}, 'text': {'value': 'Police are responding to an unconfirmed report of a man armed with a gun. The suspect was last seen heading eastbound on South State Street.', 'matchLevel': 'none', 'matchedWords': []}}, {'created_at': {'value': '1646429185000', 'matchLevel': 'none', 'matchedWords': []}, 'text': {'value': 'Police are on the scene.', 'matchLevel': 'none', 'matchedWords': []}}]}"
8,1646429047000,1646429080000,House Burglarized,"E 41st St & S Vincennes Ave, Chicago, Illinois, 60653",us-il-chicago,E 41st St & S Vincennes Ave,"Grand Boulevard, Chicago",['Break In'],0,False,0,0,yellow,"[{'lat': 41.8203000313697, 'lng': -87.61341991257548}]","[{'created_at': 1646429046999, 'text': 'Incident reported at E 41st St & S Vincennes Ave.'}, {'created_at': 1646429047000, 'text': 'Police have received an unconfirmed report of a house that was burglarized by two men.'}]",-MxLoNdZG8E9NX_Ka_oG,"{'created_at': {'value': '1646429047000', 'matchLevel': 'none', 'matchedWords': []}, 'updated_at': {'value': '1646429080000', 'matchLevel': 'none', 'matchedWords': []}, 'title': {'value': 'House Burglarized', 'matchLevel': 'none', 'matchedWords': []}, 'address': {'value': 'E 41st St & S Vincennes Ave, Chicago, Illinois, 60653', 'matchLevel': 'none', 'matchedWords': []}, 'city_code': {'value': 'us-il-chicago', 'matchLevel': 'none', 'matchedWords': []}, 'location': {'value': 'E 41st St & S Vincennes Ave', 'matchLevel': 'none', 'matchedWords': []}, 'neighborhood': {'value': 'Grand Boulevard, Chicago', 'matchLevel': 'none', 'matchedWords': []}, 'categories': [{'value': 'Break In', 'matchLevel': 'none', 'matchedWords': []}], 'ranking.level': {'value': '0', 'matchLevel': 'none', 'matchedWords': []}, 'ranking.views': {'value': '0', 'matchLevel': 'none', 'matchedWords': []}, 'ranking.notifications': {'value': '0', 'matchLevel': 'none', 'matchedWords': []}, 'severity': {'value': 'yellow', 'matchLevel': 'none', 'matchedWords': []}, '_geoloc': [{'lat': {'value': '41.8203000313697', 'matchLevel': 'none', 'matchedWords': []}, 'lng': {'value': '-87.61341991257548', 'matchLevel': 'none', 'matchedWords': []}}], 'updates': [{'created_at': {'value': '1646429046999', 'matchLevel': 'none', 'matchedWords': []}, 'text': {'value': 'Incident reported at E 41st St & S Vincennes Ave.', 'matchLevel': 'none', 'matchedWords': []}}, {'created_at': {'value': '1646429047000', 'matchLevel': 'none', 'matchedWords': []}, 'text': {'value': 'Police have received an unconfirmed report of a house that was burglarized by two men.', 'matchLevel': 'none', 'matchedWords': []}}]}"
9,1646428958000,1646428959000,Traffic Collision,"W 5th Ave & S Kostner Ave, Chicago, Illinois, 60624",us-il-chicago,W 5th Ave & S Kostner Ave,"West Garfield Park, Chicago",['Traffic Related'],0,False,0,0,yellow,"[{'lat': 41.87029003718416, 'lng': -87.73511994990292}]","[{'created_at': 1646428957999, 'text': 'Incident reported at W 5th Ave & S Kostner Ave.'}, {'created_at': 1646428958000, 'text': 'Police are responding to an unconfirmed report of a traffic collision.'}]",-MxLo24jhHoZEpRNShU0,"{'created_at': {'value': '1646428958000', 'matchLevel': 'none', 'matchedWords': []}, 'updated_at': {'value': '1646428959000', 'matchLevel': 'none', 'matchedWords': []}, 'title': {'value': 'Traffic Collision', 'matchLevel': 'none', 'matchedWords': []}, 'address': {'value': 'W 5th Ave & S Kostner Ave, Chicago, Illinois, 60624', 'matchLevel': 'none', 'matchedWords': []}, 'city_code': {'value': 'us-il-chicago', 'matchLevel': 'none', 'matchedWords': []}, 'location': {'value': 'W 5th Ave & S Kostner Ave', 'matchLevel': 'none', 'matchedWords': []}, 'neighborhood': {'value': 'West Garfield Park, Chicago', 'matchLevel': 'none', 'matchedWords': []}, 'categories': [{'value': 'Traffic Related', 'matchLevel': 'none', 'matchedWords': []}], 'ranking.level': {'value': '0', 'matchLevel': 'none', 'matchedWords': []}, 'ranking.views': {'value': '0', 'matchLevel': 'none', 'matchedWords': []}, 'ranking.notifications': {'value': '0', 'matchLevel': 'none', 'matchedWords': []}, 'severity': {'value': 'yellow', 'matchLevel': 'none', 'matchedWords': []}, '_geoloc': [{'lat': {'value': '41.87029003718416', 'matchLevel': 'none', 'matchedWords': []}, 'lng': {'value': '-87.73511994990292', 'matchLevel': 'none', 'matchedWords': []}}], 'updates': [{'created_at': {'value': '1646428957999', 'matchLevel': 'none', 'matchedWords': []}, 'text': {'value': 'Incident reported at W 5th Ave & S Kostner Ave.', 'matchLevel': 'none', 'matchedWords': []}}, {'created_at': {'value': '1646428958000', 'matchLevel': 'none', 'matchedWords': []}, 'text': {'value': 'Police are responding to an unconfirmed report of a traffic collision.', 'matchLevel': 'none', 'matchedWords': []}}]}"
10,1646428891000,1646428891000,Police Activity,"W 24th St & S Wentworth Ave, Chicago, Illinois, 60616",us-il-chicago,W 24th St & S Wentworth Ave,"Chinatown, Chicago",['Police Related'],0,True,0,0,yellow,"[{'lat': 41.84916005555968, 'lng': -87.6319299208149}]","[{'created_at': 1646428890999, 'text': 'Incident reported at W 24th St & S Wentworth Ave.'}, {'created_at': 1646428891000, 'text': 'A Citizen user shows video of police units present for an unspecified incident.'}]",-MxLnm_1-7wGLHLse6jZ,"{'created_at': {'value': '1646428891000', 'matchLevel': 'none', 'matchedWords': []}, 'updated_at': {'value': '1646428891000', 'matchLevel': 'none', 'matchedWords': []}, 'title': {'value': 'Police Activity', 'matchLevel': 'none', 'matchedWords': []}, 'address': {'value': 'W 24th St & S Wentworth Ave, Chicago, Illinois, 60616', 'matchLevel': 'none', 'matchedWords': []}, 'city_code': {'value': 'us-il-chicago', 'matchLevel': 'none', 'matchedWords': []}, 'location': {'value': 'W 24th St & S Wentworth Ave', 'matchLevel': 'none', 'matchedWords': []}, 'neighborhood': {'value': 'Chinatown, Chicago', 'matchLevel': 'none', 'matchedWords': []}, 'categories': [{'value': 'Police Related', 'matchLevel': 'none', 'matchedWords': []}], 'ranking.level': {'value': '0', 'matchLevel': 'none', 'matchedWords': []}, 'ranking.views': {'value': '0', 'matchLevel': 'none', 'matchedWords': []}, 'ranking.notifications': {'value': '0', 'matchLevel': 'none', 'matchedWords': []}, 'severity': {'value': 'yellow', 'matchLevel': 'none', 'matchedWords': []}, '_geoloc': [{'lat': {'value': '41.84916005555968', 'matchLevel': 'none', 'matchedWords': []}, 'lng': {'value': '-87.6319299208149', 'matchLevel': 'none', 'matchedWords': []}}], 'updates': [{'created_at': {'value': '1646428890999', 'matchLevel': 'none', 'matchedWords': []}, 'text': {'value': 'Incident reported at W 24th St & S Wentworth Ave.', 'matchLevel': 'none', 'matchedWords': []}}, {'created_at': {'value': '1646428891000', 'matchLevel': 'none', 'matchedWords': []}, 'text': {'value': 'A Citizen user shows video of police units present for an unspecified incident.', 'matchLevel': 'none', 'matchedWords': []}}]}"
11,1646428533000,1646430235000,Building on Fire,"908 S Loomis St, Chicago, Illinois, 60607",us-il-chicago,908 S Loomis St,Chicago,['Fire'],2,True,0,0,red,"[{'lat': 41.86991301917934, 'lng': -87.66197602621372}]","[{'created_at': 1646428532999, 'text': 'Incident reported at 911 S Loomis St.'}, {'created_at': 1646428533000, 'text': 'Police on the scene report a building is on fire.'}, {'created_at': 1646428552000, 'text': 'Firefighters are en route.'}, {'created_at': 1646428599000, 'text': 'A Citizen user shares a video showing black smoke rising from the area.'}, {'created_at': 1646428639000, 'text': 'Additional units are responding to the scene to assist with traffic control.'}, {'created_at': 1646428758999, 'text': 'The address reported for this incident has changed to 908 S Loomis St.'}, {'created_at': 1646428759000, 'text': 'Firefighters arriving on the scene confirm a building is on fire.'}, {'created_at': 1646428916000, 'text': 'Police state they are blocking southbound traffic on S Loomis St & W Arthington St.'}]",-MxLmQLi60Do-7uvKnvZ,"{'created_at': {'value': '1646428533000', 'matchLevel': 'none', 'matchedWords': []}, 'updated_at': {'value': '1646430235000', 'matchLevel': 'none', 'matchedWords': []}, 'title': {'value': 'Building on Fire', 'matchLevel': 'none', 'matchedWords': []}, 'address': {'value': '908 S Loomis St, Chicago, Illinois, 60607', 'matchLevel': 'none', 'matchedWords': []}, 'city_code': {'value': 'us-il-chicago', 'matchLevel': 'none', 'matchedWords': []}, 'location': {'value': '908 S Loomis St', 'matchLevel': 'none', 'matchedWords': []}, 'neighborhood': {'value': 'Chicago', 'matchLevel': 'none', 'matchedWords': []}, 'categories': [{'value': 'Fire', 'matchLevel': 'none', 'matchedWords': []}], 'ranking.level': {'value': '2', 'matchLevel': 'none', 'matchedWords': []}, 'ranking.views': {'value': '0', 'matchLevel': 'none', 'matchedWords': []}, 'ranking.notifications': {'value': '0', 'matchLevel': 'none', 'matchedWords': []}, 'severity': {'value': 'red', 'matchLevel': 'none', 'matchedWords': []}, '_geoloc': [{'lat': {'value': '41.86991301917934', 'matchLevel': 'none', 'matchedWords': []}, 'lng': {'value': '-87.66197602621372', 'matchLevel': 'none', 'matchedWords': []}}], 'updates': [{'created_at': {'value': '1646428532999', 'matchLevel': 'none', 'matchedWords': []}, 'text': {'value': 'Incident reported at 911 S Loomis St.', 'matchLevel': 'none', 'matchedWords': []}}, {'created_at': {'value': '1646428533000', 'matchLevel': 'none', 'matchedWords': []}, 'text': {'value': 'Police on the scene report a building is on fire.', 'matchLevel': 'none', 'matchedWords': []}}, {'created_at': {'value': '1646428552000', 'matchLevel': 'none', 'matchedWords': []}, 'text': {'value': 'Firefighters are en route.', 'matchLevel': 'none', 'matchedWords': []}}, {'created_at': {'value': '1646428599000', 'matchLevel': 'none', 'matchedWords': []}, 'text': {'value': 'A Citizen user shares a video showing black smoke rising from the area.', 'matchLevel': 'none', 'matchedWords': []}}, {'created_at': {'value': '1646428639000', 'matchLevel': 'none', 'matchedWords': []}, 'text': {'value': 'Additional units are responding to the scene to assist with traffic control.', 'matchLevel': 'none', 'matchedWords': []}}, {'created_at': {'value': '1646428758999', 'matchLevel': 'none', 'matchedWords': []}, 'text': {'value': 'The address reported for this incident has changed to 908 S Loomis St.', 'matchLevel': 'none', 'matchedWords': []}}, {'created_at': {'value': '1646428759000', 'matchLevel': 'none', 'matchedWords': []}, 'text': {'value': 'Firefighters arriving on the scene confirm a building is on fire.', 'matchLevel': 'none', 'matchedWords': []}}, {'created_at': {'value': '1646428916000', 'matchLevel': 'none', 'matchedWords': []}, 'text': {'value': 'Police state they are blocking southbound traffic on S Loomis St & W Arthington St.', 'matchLevel': 'none', 'matchedWords': []}}]}"
12,1646428245000,1646428246000,Vehicle Collision,"230 S Wabash Ave, Chicago, Illinois, 60604",us-il-chicago,230 S Wabash Ave,Chicago,['Robbery / Theft '],0,False,0,0,yellow,"[{'lat': 41.8784359897852, 'lng': -87.62648998183501}]","[{'created_at': 1646428244999, 'text': 'Incident reported at 230 S Wabash Ave.'}, {'created_at': 1646428245000, 'text': 'Police are responding to an unconfirmed report of a vehicle collision.'}]",-MxLlKAKMWaC2XE3Y6Qz,"{'created_at': {'value': '1646428245000', 'matchLevel': 'none', 'matchedWords': []}, 'updated_at': {'value': '1646428246000', 'matchLevel': 'none', 'matchedWords': []}, 'title': {'value': 'Vehicle Collision', 'matchLevel': 'none', 'matchedWords': []}, 'address': {'value': '230 S Wabash Ave, Chicago, Illinois, 60604', 'matchLevel': 'none', 'matchedWords': []}, 'city_code': {'value': 'us-il-chicago', 'matchLevel': 'none', 'matchedWords': []}, 'location': {'value': '230 S Wabash Ave', 'matchLevel': 'none', 'matchedWords': []}, 'neighborhood': {'value': 'Chicago', 'matchLevel': 'none', 'matchedWords': []}, 'categories': [{'value': 'Robbery / Theft ', 'matchLevel': 'none', 'matchedWords': []}], 'ranking.level': {'value': '0', 'matchLevel': 'none', 'matchedWords': []}, 'ranking.views': {'value': '0', 'matchLevel': 'none', 'matchedWords': []}, 'ranking.notifications': {'value': '0', 'matchLevel': 'none', 'matchedWords': []}, 'severity': {'value': 'yellow', 'matchLevel': 'none', 'matchedWords': []}, '_geoloc': [{'lat': {'value': '41.8784359897852', 'matchLevel': 'none', 'matchedWords': []}, 'lng': {'value': '-87.62648998183501', 'matchLevel': 'none', 'matchedWords': []}}], 'updates': [{'created_at': {'value': '1646428244999', 'matchLevel': 'none', 'matchedWords': []}, 'text': {'value': 'Incident reported at 230 S Wabash Ave.', 'matchLevel': 'none', 'matchedWords': []}}, {'created_at': {'value': '1646428245000', 'matchLevel': 'none', 'matchedWords': []}, 'text': {'value': 'Police are responding to an unconfirmed report of a vehicle collision.', 'matchLevel': 'none', 'matchedWords': []}}]}"
13,1646427966000,1646427987000,Report of Man Armed With Gun,"1813 N Whipple St, Chicago, Illinois, 60647",us-il-chicago,1813 N Whipple St,Chicago,['Gun Related'],1,False,0,0,yellow,"[{'lat': 41.91424800637842, 'lng': -87.70358697869982}]","[{'created_at': 1646427965999, 'text': 'Incident reported at 1813 N Whipple St.'}, {'created_at': 1646427966000, 'text': 'Police are responding to an unconfirmed report of a man armed with a gun on the second floor hallway.'}]",-MxLkFw-TF9ayZbkP9HB,"{'created_at': {'value': '1646427966000', 'matchLevel': 'none', 'matchedWords': []}, 'updated_at': {'value': '1646427987000', 'matchLevel': 'none', 'matchedWords': []}, 'title': {'value': 'Report of Man Armed With Gun', 'matchLevel': 'none', 'matchedWords': []}, 'address': {'value': '1813 N Whipple St, Chicago, Illinois, 60647', 'matchLevel': 'none', 'matchedWords': []}, 'city_code': {'value': 'us-il-chicago', 'matchLevel': 'none', 'matchedWords': []}, 'location': {'value': '1813 N Whipple St', 'matchLevel': 'none', 'matchedWords': []}, 'neighborhood': {'value': 'Chicago', 'matchLevel': 'none', 'matchedWords': []}, 'categories': [{'value': 'Gun Related', 'matchLevel': 'none', 'matchedWords': []}], 'ranking.level': {'value': '1', 'matchLevel': 'none', 'matchedWords': []}, 'ranking.views': {'value': '0', 'matchLevel': 'none', 'matchedWords': []}, 'ranking.notifications': {'value': '0', 'matchLevel': 'none', 'matchedWords': []}, 'severity': {'value': 'yellow', 'matchLevel': 'none', 'matchedWords': []}, '_geoloc': [{'lat': {'value': '41.91424800637842', 'matchLevel': 'none', 'matchedWords': []}, 'lng': {'value': '-87.70358697869982', 'matchLevel': 'none', 'matchedWords': []}}], 'updates': [{'created_at': {'value': '1646427965999', 'matchLevel': 'none', 'matchedWords': []}, 'text': {'value': 'Incident reported at 1813 N Whipple St.', 'matchLevel': 'none', 'matchedWords': []}}, {'created_at': {'value': '1646427966000', 'matchLevel': 'none', 'matchedWords': []}, 'text': {'value': 'Police are responding to an unconfirmed report of a man armed with a gun on the second floor hallway.', 'matchLevel': 'none', 'matchedWords': []}}]}"
14,1646427690000,1646427691000,Hit-and-Run Collision,"3754 W Huron St, Chicago, Illinois, 60624",us-il-chicago,3754 W Huron St,"Humboldt Park, Chicago",['Traffic Related'],0,False,0,0,yellow,"[{'lat': 41.89363302549994, 'lng': -87.72064727802713}]","[{'created_at': 1646427689999, 'text': 'Incident reported at 3754 W Huron St.'}, {'created_at': 1646427690000, 'text': 'Police are responding to an unconfirmed report of a hit-and-run collision.'}]",-MxLjCcIpHev3XIi3-mf,"{'created_at': {'value': '1646427690000', 'matchLevel': 'none', 'matchedWords': []}, 'updated_at': {'value': '1646427691000', 'matchLevel': 'none', 'matchedWords': []}, 'title': {'value': 'Hit-and-Run Collision', 'matchLevel': 'none', 'matchedWords': []}, 'address': {'value': '3754 W Huron St, Chicago, Illinois, 60624', 'matchLevel': 'none', 'matchedWords': []}, 'city_code': {'value': 'us-il-chicago', 'matchLevel': 'none', 'matchedWords': []}, 'location': {'value': '3754 W Huron St', 'matchLevel': 'none', 'matchedWords': []}, 'neighborhood': {'value': 'Humboldt Park, Chicago', 'matchLevel': 'none', 'matchedWords': []}, 'categories': [{'value': 'Traffic Related', 'matchLevel': 'none', 'matchedWords': []}], 'ranking.level': {'value': '0', 'matchLevel': 'none', 'matchedWords': []}, 'ranking.views': {'value': '0', 'matchLevel': 'none', 'matchedWords': []}, 'ranking.notifications': {'value': '0', 'matchLevel': 'none', 'matchedWords': []}, 'severity': {'value': 'yellow', 'matchLevel': 'none', 'matchedWords': []}, '_geoloc': [{'lat': {'value': '41.89363302549994', 'matchLevel': 'none', 'matchedWords': []}, 'lng': {'value': '-87.72064727802713', 'matchLevel': 'none', 'matchedWords': []}}], 'updates': [{'created_at': {'value': '1646427689999', 'matchLevel': 'none', 'matchedWords': []}, 'text': {'value': 'Incident reported at 3754 W Huron St.', 'matchLevel': 'none', 'matchedWords': []}}, {'created_at': {'value': '1646427690000', 'matchLevel': 'none', 'matchedWords': []}, 'text': {'value': 'Police are responding to an unconfirmed report of a hit-and-run collision.', 'matchLevel': 'none', 'matchedWords': []}}]}"
15,1646427648000,1646427650000,Group Fighting,"E 31st St & S Dr Martin Luther King Jr Dr, Chicago, Illinois, 60616",us-il-chicago,E 31st St & S Dr Martin Luther King Jr Dr,"Douglas, Chicago",[],1,False,0,0,yellow,"[{'lat': 41.83843004602866, 'lng': -87.617459906087}]","[{'created_at': 1646427647999, 'text': 'Incident reported at E 31st St & S Dr Martin Luther King Jr Dr.'}, {'created_at': 1646427648000, 'text': 'Police are responding to an unconfirmed report of a group of students and parents fighting.'}]",-MxLj2Vhp0-C6LRCQk20,"{'created_at': {'value': '1646427648000', 'matchLevel': 'none', 'matchedWords': []}, 'updated_at': {'value': '1646427650000', 'matchLevel': 'none', 'matchedWords': []}, 'title': {'value': 'Group Fighting', 'matchLevel': 'none', 'matchedWords': []}, 'address': {'value': 'E 31st St & S Dr Martin Luther King Jr Dr, Chicago, Illinois, 60616', 'matchLevel': 'none', 'matchedWords': []}, 'city_code': {'value': 'us-il-chicago', 'matchLevel': 'none', 'matchedWords': []}, 'location': {'value': 'E 31st St & S Dr Martin Luther King Jr Dr', 'matchLevel': 'none', 'matchedWords': []}, 'neighborhood': {'value': 'Douglas, Chicago', 'matchLevel': 'none', 'matchedWords': []}, 'ranking.level': {'value': '1', 'matchLevel': 'none', 'matchedWords': []}, 'ranking.views': {'value': '0', 'matchLevel': 'none', 'matchedWords': []}, 'ranking.notifications': {'value': '0', 'matchLevel': 'none', 'matchedWords': []}, 'severity': {'value': 'yellow', 'matchLevel': 'none', 'matchedWords': []}, '_geoloc': [{'lat': {'value': '41.83843004602866', 'matchLevel': 'none', 'matchedWords': []}, 'lng': {'value': '-87.617459906087', 'matchLevel': 'none', 'matchedWords': []}}], 'updates': [{'created_at': {'value': '1646427647999', 'matchLevel': 'none', 'matchedWords': []}, 'text': {'value': 'Incident reported at E 31st St & S Dr Martin Luther King Jr Dr.', 'matchLevel': 'none', 'matchedWords': []}}, {'created_at': {'value': '1646427648000', 'matchLevel': 'none', 'matchedWords': []}, 'text': {'value': 'Police are responding to an unconfirmed report of a group of students and parents fighting.', 'matchLevel': 'none', 'matchedWords': []}}]}"
16,1646427526000,1646427527000,Traffic Collision,"W Chicago Ave & N Kostner Ave, Chicago, Illinois, 60651",us-il-chicago,W Chicago Ave & N Kostner Ave,"Humboldt Park, Chicago",['Traffic Related'],0,False,0,0,yellow,"[{'lat': 41.89522003843226, 'lng': -87.73595990042014}]","[{'created_at': 1646427525999, 'text': 'Incident reported at W Chicago Ave & N Kostner Ave.'}, {'created_at': 1646427526000, 'text': 'Police are responding to an unconfirmed report of a traffic collision.'}]",-MxLi_eq5kQWJXLdOnZT,"{'created_at': {'value': '1646427526000', 'matchLevel': 'none', 'matchedWords': []}, 'updated_at': {'value': '1646427527000', 'matchLevel': 'none', 'matchedWords': []}, 'title': {'value': 'Traffic Collision', 'matchLevel': 'none', 'matchedWords': []}, 'address': {'value': 'W Chicago Ave & N Kostner Ave, Chicago, Illinois, 60651', 'matchLevel': 'none', 'matchedWords': []}, 'city_code': {'value': 'us-il-chicago', 'matchLevel': 'none', 'matchedWords': []}, 'location': {'value': 'W Chicago Ave & N Kostner Ave', 'matchLevel': 'none', 'matchedWords': []}, 'neighborhood': {'value': 'Humboldt Park, Chicago', 'matchLevel': 'none', 'matchedWords': []}, 'categories': [{'value': 'Traffic Related', 'matchLevel': 'none', 'matchedWords': []}], 'ranking.level': {'value': '0', 'matchLevel': 'none', 'matchedWords': []}, 'ranking.views': {'value': '0', 'matchLevel': 'none', 'matchedWords': []}, 'ranking.notifications': {'value': '0', 'matchLevel': 'none', 'matchedWords': []}, 'severity': {'value': 'yellow', 'matchLevel': 'none', 'matchedWords': []}, '_geoloc': [{'lat': {'value': '41.89522003843226', 'matchLevel': 'none', 'matchedWords': []}, 'lng': {'value': '-87.73595990042014', 'matchLevel': 'none', 'matchedWords': []}}], 'updates': [{'created_at': {'value': '1646427525999', 'matchLevel': 'none', 'matchedWords': []}, 'text': {'value': 'Incident reported at W Chicago Ave & N Kostner Ave.', 'matchLevel': 'none', 'matchedWords': []}}, {'created_at': {'value': '1646427526000', 'matchLevel': 'none', 'matchedWords': []}, 'text': {'value': 'Police are responding to an unconfirmed report of a traffic collision.', 'matchLevel': 'none', 'matchedWords': []}}]}"
17,1646427479000,1646427481000,Police Activity,"E 29th St & S Dr Martin Luther King Jr Dr, Chicago, Illinois, 60616",us-il-chicago,E 29th St & S Dr Martin Luther King Jr Dr,"Douglas, Chicago",['Police Related'],0,False,0,0,yellow,"[{'lat': 41.84206003874635, 'lng': -87.61754992772711}]","[{'created_at': 1646427478999, 'text': 'Incident reported at E 29th St & S Dr Martin Luther King Jr Dr.'}, {'created_at': 1646427479000, 'text': 'Police are responding to a report of a person in need of assistance.'}]",-MxLiPSYZCeTEEEIaPw7,"{'created_at': {'value': '1646427479000', 'matchLevel': 'none', 'matchedWords': []}, 'updated_at': {'value': '1646427481000', 'matchLevel': 'none', 'matchedWords': []}, 'title': {'value': 'Police Activity', 'matchLevel': 'none', 'matchedWords': []}, 'address': {'value': 'E 29th St & S Dr Martin Luther King Jr Dr, Chicago, Illinois, 60616', 'matchLevel': 'none', 'matchedWords': []}, 'city_code': {'value': 'us-il-chicago', 'matchLevel': 'none', 'matchedWords': []}, 'location': {'value': 'E 29th St & S Dr Martin Luther King Jr Dr', 'matchLevel': 'none', 'matchedWords': []}, 'neighborhood': {'value': 'Douglas, Chicago', 'matchLevel': 'none', 'matchedWords': []}, 'categories': [{'value': 'Police Related', 'matchLevel': 'none', 'matchedWords': []}], 'ranking.level': {'value': '0', 'matchLevel': 'none', 'matchedWords': []}, 'ranking.views': {'value': '0', 'matchLevel': 'none', 'matchedWords': []}, 'ranking.notifications': {'value': '0', 'matchLevel': 'none', 'matchedWords': []}, 'severity': {'value': 'yellow', 'matchLevel': 'none', 'matchedWords': []}, '_geoloc': [{'lat': {'value': '41.84206003874635', 'matchLevel': 'none', 'matchedWords': []}, 'lng': {'value': '-87.61754992772711', 'matchLevel': 'none', 'matchedWords': []}}], 'updates': [{'created_at': {'value': '1646427478999', 'matchLevel': 'none', 'matchedWords': []}, 'text': {'value': 'Incident reported at E 29th St & S Dr Martin Luther King Jr Dr.', 'matchLevel': 'none', 'matchedWords': []}}, {'created_at': {'value': '1646427479000', 'matchLevel': 'none', 'matchedWords': []}, 'text': {'value': 'Police are responding to a report of a person in need of assistance.', 'matchLevel': 'none', 'matchedWords': []}}]}"
18,1646427009000,1646427853000,Car Collision,"E 63rd St & S State St, Chicago, Illinois, 60637",us-il-chicago,E 63rd St & S State St,"Greater Grand Crossing, Chicago",['Traffic Related'],0,False,0,0,yellow,"[{'lat': 41.78004003212789, 'lng': -87.62534987536507}]","[{'created_at': 1646427008999, 'text': 'Incident reported at E 63rd St & S State St.'}, {'created_at': 1646427009000, 'text': 'Police have received a report of a car collision.'}]",-MxLgb5iK7IpLP8Kvirt,"{'created_at': {'value': '1646427009000', 'matchLevel': 'none', 'matchedWords': []}, 'updated_at': {'value': '1646427853000', 'matchLevel': 'none', 'matchedWords': []}, 'title': {'value': 'Car Collision', 'matchLevel': 'none', 'matchedWords': []}, 'address': {'value': 'E 63rd St & S State St, Chicago, Illinois, 60637', 'matchLevel': 'none', 'matchedWords': []}, 'city_code': {'value': 'us-il-chicago', 'matchLevel': 'none', 'matchedWords': []}, 'location': {'value': 'E 63rd St & S State St', 'matchLevel': 'none', 'matchedWords': []}, 'neighborhood': {'value': 'Greater Grand Crossing, Chicago', 'matchLevel': 'none', 'matchedWords': []}, 'categories': [{'value': 'Traffic Related', 'matchLevel': 'none', 'matchedWords': []}], 'ranking.level': {'value': '0', 'matchLevel': 'none', 'matchedWords': []}, 'ranking.views': {'value': '0', 'matchLevel': 'none', 'matchedWords': []}, 'ranking.notifications': {'value': '0', 'matchLevel': 'none', 'matchedWords': []}, 'severity': {'value': 'yellow', 'matchLevel': 'none', 'matchedWords': []}, '_geoloc': [{'lat': {'value': '41.78004003212789', 'matchLevel': 'none', 'matchedWords': []}, 'lng': {'value': '-87.62534987536507', 'matchLevel': 'none', 'matchedWords': []}}], 'updates': [{'created_at': {'value': '1646427008999', 'matchLevel': 'none', 'matchedWords': []}, 'text': {'value': 'Incident reported at E 63rd St & S State St.', 'matchLevel': 'none', 'matchedWords': []}}, {'created_at': {'value': '1646427009000', 'matchLevel': 'none', 'matchedWords': []}, 'text': {'value': 'Police have received a report of a car collision.', 'matchLevel': 'none', 'matchedWords': []}}]}"
19,1646426959000,1646426959000,Police Activity,"S Kenwood Ave & E 61st St, Chicago, Illinois, 60637",us-il-chicago,S Kenwood Ave & E 61st St,"Woodlawn, Chicago",['Police Related'],0,False,0,0,yellow,"[{'lat': 41.7841800217443, 'lng': -87.59313989784249}]","[{'created_at': 1646426958999, 'text': 'Incident reported at S Kenwood Ave & E 61st St.'}, {'created_at': 1646426959000, 'text': 'Police are responding to a report of a person who may be in need of assistance.'}]",-MxLgPqsyrpytQueEmS7,"{'created_at': {'value': '1646426959000', 'matchLevel': 'none', 'matchedWords': []}, 'updated_at': {'value': '1646426959000', 'matchLevel': 'none', 'matchedWords': []}, 'title': {'value': 'Police Activity', 'matchLevel': 'none', 'matchedWords': []}, 'address': {'value': 'S Kenwood Ave & E 61st St, Chicago, Illinois, 60637', 'matchLevel': 'none', 'matchedWords': []}, 'city_code': {'value': 'us-il-chicago', 'matchLevel': 'none', 'matchedWords': []}, 'location': {'value': 'S Kenwood Ave & E 61st St', 'matchLevel': 'none', 'matchedWords': []}, 'neighborhood': {'value': 'Woodlawn, Chicago', 'matchLevel': 'none', 'matchedWords': []}, 'categories': [{'value': 'Police Related', 'matchLevel': 'none', 'matchedWords': []}], 'ranking.level': {'value': '0', 'matchLevel': 'none', 'matchedWords': []}, 'ranking.views': {'value': '0', 'matchLevel': 'none', 'matchedWords': []}, 'ranking.notifications': {'value': '0', 'matchLevel': 'none', 'matchedWords': []}, 'severity': {'value': 'yellow', 'matchLevel': 'none', 'matchedWords': []}, '_geoloc': [{'lat': {'value': '41.78418002174430', 'matchLevel': 'none', 'matchedWords': []}, 'lng': {'value': '-87.59313989784249', 'matchLevel': 'none', 'matchedWords': []}}], 'updates': [{'created_at': {'value': '1646426958999', 'matchLevel': 'none', 'matchedWords': []}, 'text': {'value': 'Incident reported at S Kenwood Ave & E 61st St.', 'matchLevel': 'none', 'matchedWords': []}}, {'created_at': {'value': '1646426959000', 'matchLevel': 'none', 'matchedWords': []}, 'text': {'value': 'Police are responding to a report of a person who may be in need of assistance.', 'matchLevel': 'none', 'matchedWords': []}}]}"
